{"cameraMode":{"drawMode":0,"name":"Shaded","section":"Shading Mode"},"sceneLighting":true,"audioPlay":false,"sceneViewState":{"m_AlwaysRefresh":false,"showFog":true,"showSkybox":true,"showFlares":true,"showImageEffects":true,"showParticleSystems":true,"showVisualEffectGraphs":true,"m_FxEnabled":true},"in2DMode":false,"pivot":{"x":-0.061662912368774417,"y":0.08164632320404053,"z":-0.04995602369308472},"rotation":{"x":-0.1584262251853943,"y":0.8325579762458801,"z":-0.30231359601020815,"w":-0.4362994432449341},"size":2.36602520942688,"orthographic":false}